"","Player_Name","NBA Team","Team","Position"
"1","Giannis Antetokounmpo","MIL","Joe Hablo Ingles","PF,C"
"2","DeMar DeRozan","CHI","Joe Hablo Ingles","SG,SF"
"3","Jalen Brunson","NYK","Joe Hablo Ingles","PG,SG"
"4","Josh Giddey","OKC","Joe Hablo Ingles","PG,SG,SF"
"5","Paul George","LAC","Joe Hablo Ingles","SG,SF,PF"
"6","Deandre Ayton","POR","Joe Hablo Ingles","C"
"7","Tyler Herro","MIA","Joe Hablo Ingles","PG,SG"
"8","Shaedon Sharpe","POR","Joe Hablo Ingles","SG,SF"
"9","Brook Lopez","MIL","Joe Hablo Ingles","C"
"10","Draymond Green","GSW","Joe Hablo Ingles","PF,C"
"11","Max Strus","CLE","Joe Hablo Ingles","SG,SF"
"12","Xavier Tillman","MEM","Joe Hablo Ingles","PF,C"
"13","Jalen Johnson","ATL","Joe Hablo Ingles","SF,PF"
"14","Kyle Lowry","MIA","Joe Hablo Ingles","PG"
"15","Anthony Edwards","MIN","Team Johnson","SG,SF"
"16","LaMelo Ball","CHA","Team Johnson","PG,SG"
"17","Bam Adebayo","MIA","Team Johnson","C"
"18","Kyrie Irving","DAL","Team Johnson","PG,SG"
"19","Spencer Dinwiddie","BKN","Team Johnson","PG,SG"
"20","James Harden","LAC","Team Johnson","PG,SG"
"21","Jakob Poeltl","TOR","Team Johnson","C"
"22","Kevin Huerter","SAC","Team Johnson","SG,SF"
"23","Cameron Johnson","BKN","Team Johnson","SF,PF"
"24","Royce O'Neale","BKN","Team Johnson","SF"
"25","Malcolm Brogdon","POR","Team Johnson","PG,SG"
"26","Christian Wood","LAL","Team Johnson","PF,C"
"27","Jabari Smith Jr.","HOU","Team Johnson","PF,C"
"28","Markelle Fultz","ORL","Team Johnson","PG,SG"
"29","Tyrese Haliburton","IND","The Gobert Trade Sucked","PG,SG"
"30","Donovan Mitchell","CLE","The Gobert Trade Sucked","PG,SG"
"31","Nikola Vucevic","CHI","The Gobert Trade Sucked","C"
"32","Zach LaVine","CHI","The Gobert Trade Sucked","SG,SF"
"33","Jamal Murray","DEN","The Gobert Trade Sucked","PG"
"34","Kyle Kuzma","WAS","The Gobert Trade Sucked","SF,PF"
"35","Jarrett Allen","CLE","The Gobert Trade Sucked","C"
"36","Jonas Valanciunas","NOP","The Gobert Trade Sucked","C"
"37","Kevon Looney","GSW","The Gobert Trade Sucked","PF,C"
"38","Mike Conley","MIN","The Gobert Trade Sucked","PG"
"39","Kyle Anderson","MIN","The Gobert Trade Sucked","SF,PF"
"40","Cole Anthony","ORL","The Gobert Trade Sucked","PG"
"41","Collin Sexton","UTA","The Gobert Trade Sucked","PG,SG"
"42","Brandon Miller","CHA","The Gobert Trade Sucked","SG,SF"
"43","Luka Doncic","DAL","One in a Markannen","PG"
"44","Lauri Markkanen","UTA","One in a Markannen","SF,PF"
"45","De'Aaron Fox","SAC","One in a Markannen","PG"
"46","Evan Mobley","CLE","One in a Markannen","PF,C"
"47","Jaylen Brown","BOS","One in a Markannen","SG,SF"
"48","Rudy Gobert","MIN","One in a Markannen","C"
"49","O.G. Anunoby","TOR","One in a Markannen","SF"
"50","Marcus Smart","MEM","One in a Markannen","PG,SG"
"51","Mitchell Robinson","NYK","One in a Markannen","C"
"52","Lonnie Walker IV","BKN","One in a Markannen","SG,SF"
"53","Tim Hardaway Jr.","DAL","One in a Markannen","SG,SF"
"54","Dorian Finney-Smith","BKN","One in a Markannen","SF,PF"
"55","Daniel Gafford","WAS","One in a Markannen","PF,C"
"56","Reggie Jackson","DEN","One in a Markannen","PG"
"57","LeBron James","LAL","TotinosPizzaRolls","SF,PF"
"58","Damian Lillard","MIL","TotinosPizzaRolls","PG"
"59","Paolo Banchero","ORL","TotinosPizzaRolls","SF,PF"
"60","Chet Holmgren","OKC","TotinosPizzaRolls","PF,C"
"61","Walker Kessler","UTA","TotinosPizzaRolls","C"
"62","Jrue Holiday","BOS","TotinosPizzaRolls","PG,SG"
"63","Anfernee Simons","POR","TotinosPizzaRolls","PG,SG"
"64","Jordan Clarkson","UTA","TotinosPizzaRolls","SG"
"65","Aaron Gordon","DEN","TotinosPizzaRolls","PF"
"66","Josh Hart","NYK","TotinosPizzaRolls","SG,SF"
"67","Kentavious Caldwell-Pope","DEN","TotinosPizzaRolls","SG,SF"
"68","Malik Monk","SAC","TotinosPizzaRolls","SG,SF"
"69","Al Horford","BOS","TotinosPizzaRolls","PF,C"
"70","Gordon Hayward","CHA","TotinosPizzaRolls","SF"
"71","Stephen Curry","GSW","Mamba Mentality","PG"
"72","Mikal Bridges","BKN","Mamba Mentality","SG,SF"
"73","Kristaps Porzingis","BOS","Mamba Mentality","PF,C"
"74","Brandon Ingram","NOP","Mamba Mentality","SF,PF"
"75","Fred VanVleet","HOU","Mamba Mentality","PG"
"76","Russell Westbrook","LAC","Mamba Mentality","PG"
"77","D'Angelo Russell","LAL","Mamba Mentality","PG,SG"
"78","Tobias Harris","PHL","Mamba Mentality","SF,PF"
"79","Bobby Portis","MIL","Mamba Mentality","PF,C"
"80","Jusuf Nurkic","PHO","Mamba Mentality","C"
"81","Jarred Vanderbilt","LAL","Mamba Mentality","PF"
"82","Naz Reid","MIN","Mamba Mentality","PF,C"
"83","Alex Caruso","CHI","Mamba Mentality","PG,SG"
"84","Bismack Biyombo","MEM","Mamba Mentality","C"
"85","Joel Embiid","PHL","Middy City","C"
"86","Jordan Poole","WAS","Middy City","PG,SG"
"87","Julius Randle","NYK","Middy City","PF"
"88","Scottie Barnes","TOR","Middy City","SF,PF"
"89","Tyus Jones","WAS","Middy City","PG"
"90","Jalen Green","HOU","Middy City","SG"
"91","Keegan Murray","SAC","Middy City","SF,PF"
"92","Clint Capela","ATL","Middy City","C"
"93","Immanuel Quickley","NYK","Middy City","PG,SG"
"94","Jalen Suggs","ORL","Middy City","PG,SG"
"95","Buddy Hield","IND","Middy City","SG,SF"
"96","Bruce Brown","IND","Middy City","SG,SF"
"97","Klay Thompson","GSW","Middy City","SG,SF"
"98","Nikola Jokic","DEN","BigBallahShotCallah","C"
"99","Anthony Davis","LAL","BigBallahShotCallah","PF,C"
"100","Desmond Bane","MEM","BigBallahShotCallah","SG,SF"
"101","Franz Wagner","ORL","BigBallahShotCallah","SG,SF,PF"
"102","Scoot Henderson","POR","BigBallahShotCallah","PG"
"103","Khris Middleton","MIL","BigBallahShotCallah","SF"
"104","Derrick White","BOS","BigBallahShotCallah","PG,SG"
"105","Michael Porter Jr.","DEN","BigBallahShotCallah","SF"
"106","Wendell Carter Jr.","ORL","BigBallahShotCallah","C"
"107","Saddiq Bey","ATL","BigBallahShotCallah","SF,PF"
"108","Tari Eason","HOU","BigBallahShotCallah","SF"
"109","Kelly Oubre Jr.","PHL","BigBallahShotCallah","SF,PF"
"110","Ausar Thompson","DET","BigBallahShotCallah","SG,SF"
"111","Killian Hayes","DET","BigBallahShotCallah","PG"
"112","Devin Booker","PHO","PattyMcHunks","PG,SG,SF"
"113","Victor Wembanyama","SAS","PattyMcHunks","PF,C"
"114","Jimmy Butler","MIA","PattyMcHunks","SF,PF"
"115","Jaren Jackson Jr.","MEM","PattyMcHunks","PF,C"
"116","Bradley Beal","PHO","PattyMcHunks","PG,SG"
"117","Austin Reaves","LAL","PattyMcHunks","SG,SF"
"118","Keldon Johnson","SAS","PattyMcHunks","SF"
"119","Chris Paul","GSW","PattyMcHunks","PG"
"120","Bojan Bogdanovic","DET","PattyMcHunks","SF,PF"
"121","Ivica Zubac","LAC","PattyMcHunks","C"
"122","Caris LeVert","CLE","PattyMcHunks","SG,SF"
"123","Herbert Jones","NOP","PattyMcHunks","SF,PF"
"124","Ben Simmons","BKN","PattyMcHunks","PG,PF"
"125","Dyson Daniels","NOP","PattyMcHunks","PG,SG"
"126","Shai Gilgeous-Alexander","OKC","We Talkin' About Practice","PG,SG"
"127","Trae Young","ATL","We Talkin' About Practice","PG"
"128","Karl-Anthony Towns","MIN","We Talkin' About Practice","PF,C"
"129","Zion Williamson","NOP","We Talkin' About Practice","PF"
"130","Alperen Sengun","HOU","We Talkin' About Practice","C"
"131","CJ McCollum","NOP","We Talkin' About Practice","PG,SG"
"132","John Collins","UTA","We Talkin' About Practice","PF"
"133","P.J. Washington","CHA","We Talkin' About Practice","PF"
"134","RJ Barrett","NYK","We Talkin' About Practice","SG,SF"
"135","Deni Avdija","WAS","We Talkin' About Practice","SF,PF"
"136","Onyeka Okongwu","ATL","We Talkin' About Practice","C,PF"
"137","Eric Gordon","PHO","We Talkin' About Practice","SG,SF"
"138","Coby White","CHI","We Talkin' About Practice","PG,SG"
"139","Domantas Sabonis","SAC","Team Durrant","PF,C"
"140","Kevin Durant","PHO","Team Durrant","SF,PF"
"141","Darius Garland","CLE","Team Durrant","PG"
"142","Cade Cunningham","DET","Team Durrant","PG,SG"
"143","Jalen Williams","OKC","Team Durrant","SG,SF,PF"
"144","Nic Claxton","BKN","Team Durrant","PF,C"
"145","Ja Morant","MEM","Team Durrant","PG"
"146","Jerami Grant","POR","Team Durrant","PF"
"147","Jalen Duren","DET","Team Durrant","C"
"148","Cam Thomas","BKN","Team Durrant","SG"
"149","Bogdan Bogdanovic","ATL","Team Durrant","SG,SF"
"150","De'Anthony Melton","PHL","Team Durrant","PG,SG"
"151","Dante Exum","DAL","Team Durrant","PG"
"152","Caleb Martin","MIA","Team Durrant","SG,SF"
"153","Jayson Tatum","BOS","World Champions","SF,PF"
"154","Dejounte Murray","ATL","World Champions","PG,SG"
"155","Pascal Siakam","TOR","World Champions","PF,C"
"156","Kawhi Leonard","LAC","World Champions","SF,PF"
"157","Tyrese Maxey","PHL","World Champions","PG,SG"
"158","Devin Vassell","SAS","World Champions","SG,SF"
"159","Myles Turner","IND","World Champions","C"
"160","Terry Rozier","CHA","World Champions","PG,SG"
"161","Mark Williams","CHA","World Champions","C"
"162","Dennis Schroder","TOR","World Champions","PG"
"163","Miles Bridges","CHA","World Champions","SF,PF"
"164","Dereck Lively II","DAL","World Champions","C"
"165","Brandin Podziemski","GSW","World Champions","SG"
"166","Bilal Coulibaly","WAS","World Champions","SG,SF"
"167","Andrew Wiggins","GSW","Free Agent","SF,PF"
"168","Tre Jones","SAS","Free Agent","PG"
"169","Zach Collins","SAS","Free Agent","PF,C"
"170","Jaden Ivey","DET","Free Agent","PG,SG"
"171","Harrison Barnes","SAC","Free Agent","SF,PF"
"172","T.J. McConnell","IND","Free Agent","PG"
"173","Trey Murphy III","NOP","Free Agent","SG,SF"
"174","Robert Williams III","POR","Free Agent","C"
"175","Jaime Jaquez Jr.","MIA","Free Agent","SF"
"176","Duncan Robinson","MIA","Free Agent","SG,SF"
"177","Bennedict Mathurin","IND","Free Agent","SG,SF"
"178","Jonathan Kuminga","GSW","Free Agent","PF"
"179","Amen Thompson","HOU","Free Agent","SG"
"180","Luguentz Dort","OKC","Free Agent","SG,SF"
"181","Dillon Brooks","HOU","Free Agent","SG,SF"
"182","Malik Beasley","MIL","Free Agent","SG"
"183","De'Andre Hunter","ATL","Free Agent","SF,PF"
"184","Gary Trent Jr.","TOR","Free Agent","PG,SG"
"185","Jeremy Sochan","SAS","Free Agent","PG,PF"
"186","Obi Toppin","IND","Free Agent","PF"
"187","Kelly Olynyk","UTA","Free Agent","PF,C"
"188","Santi Aldama","MEM","Free Agent","PF,C"
"189","Jonathan Isaac","ORL","Free Agent","SF,PF"
"190","Rui Hachimura","LAL","Free Agent","SF,PF"
"191","Isaiah Stewart","DET","Free Agent","PF,C"
"192","Norman Powell","LAC","Free Agent","SG,SF"
"193","Isaiah Hartenstein","NYK","Free Agent","PF,C"
"194","Keyonte George","UTA","Free Agent","PG,SG"
"195","Dario Saric","GSW","Free Agent","PF"
"196","Goga Bitadze","ORL","Free Agent","C"
"197","Kevin Porter Jr.","HOU","Free Agent","PG,SG"
"198","Patrick Williams","CHI","Free Agent","SF,PF"
"199","Mason Plumlee","LAC","Free Agent","C"
"200","Grayson Allen","PHO","Free Agent","SG"
"201","Kevin Love","MIA","Free Agent","PF,C"
"202","Jaden McDaniels","MIN","Free Agent","SF"
"203","Kemba Walker","DAL","Free Agent","PG"
"204","Talen Horton-Tucker","UTA","Free Agent","SG,SF"
"205","Steven Adams","MEM","Free Agent","C"
"206","Moritz Wagner","ORL","Free Agent","PF,C"
"207","Bol Bol","PHO","Free Agent","PF,C"
"208","Donte DiVincenzo","NYK","Free Agent","SG"
"209","Grant Williams","DAL","Free Agent","PF"
"210","Marvin Bagley III","DET","Free Agent","PF,C"
"211","Seth Curry","DAL","Free Agent","PG,SG"
"212","Nick Richards","CHA","Free Agent","C"
"213","Josh Richardson","MIA","Free Agent","SG,SF"
"214","Taurean Prince","LAL","Free Agent","SF"
"215","Andre Drummond","CHI","Free Agent","C"
"216","Derrick Jones Jr.","DAL","Free Agent","SF"
"217","Aaron Nesmith","IND","Free Agent","SF"
"218","Matisse Thybulle","POR","Free Agent","SG,SF"
"219","Cam Reddish","LAL","Free Agent","SG,SF"
"220","Derrick Rose","MEM","Free Agent","PG"
"221","Sam Hauser","BOS","Free Agent","SF"
"222","Jordan Hawkins","NOP","Free Agent","SG"
"223","Simone Fontecchio","UTA","Free Agent","SF"
"224","James Wiseman","DET","Free Agent","C"
"225","Gradey Dick","TOR","Free Agent","SG"
"226","Terance Mann","LAC","Free Agent","SG,SF"
"227","Cameron Payne","MIL","Free Agent","PG"
"228","Jae Crowder","MIL","Free Agent","SF,PF"
"229","Bones Hyland","LAC","Free Agent","PG,SG"
"230","Isaac Okoro","CLE","Free Agent","SG,SF"
"231","Patrick Beverley","PHL","Free Agent","PG"
"232","Anthony Black","ORL","Free Agent","PG,SG"
"233","Moses Moody","GSW","Free Agent","SG"
"234","Jalen Smith","IND","Free Agent","PF,C"
"235","Lonzo Ball","CHI","Free Agent","PG"
"236","Delon Wright","WAS","Free Agent","PG,SG"
"237","Josh Okogie","PHO","Free Agent","SG,SF"
"238","Alec Burks","DET","Free Agent","SG"
"239","Jarace Walker","IND","Free Agent","PF"
"240","Isaiah Joe","OKC","Free Agent","SG"
"241","Cason Wallace","OKC","Free Agent","PG,SG"
"242","Monte Morris","DET","Free Agent","PG"
"243","Chris Boucher","TOR","Free Agent","PF,C"
"244","Christian Braun","DEN","Free Agent","SG"
"245","Robert Covington","PHL","Free Agent","SF,PF"
"246","Precious Achiuwa","TOR","Free Agent","PF,C"
"247","Mo Bamba","PHL","Free Agent","C"
"248","Nicolas Batum","PHL","Free Agent","SG,SF"
"249","Aleksej Pokusevski","OKC","Free Agent","PF,C"
"250","Gabe Vincent","LAL","Free Agent","PG"
"251","Marcus Sasser","DET","Free Agent","PG"
"252","Ayo Dosunmu","CHI","Free Agent","SG"
"253","KJ Martin","PHL","Free Agent","SF"
"254","Day'Ron Sharpe","BKN","Free Agent","C"
"255","Isaiah Jackson","IND","Free Agent","PF,C"
"256","Dennis Smith Jr.","BKN","Free Agent","PG"
"257","Malaki Branham","SAS","Free Agent","SG"
"258","Cam Whitmore","HOU","Free Agent","SF"
"259","Payton Pritchard","BOS","Free Agent","PG"
"260","Toumani Camara","POR","Free Agent","PF"
"261","Corey Kispert","WAS","Free Agent","SG,SF"
"262","Taylor Hendricks","UTA","Free Agent","PF"
"263","Orlando Robinson","MIA","Free Agent","C"
"264","Drew Eubanks","PHO","Free Agent","PF"
"265","Thomas Bryant","MIA","Free Agent","C"
"266","Quentin Grimes","NYK","Free Agent","SG"
"267","Joe Ingles","ORL","Free Agent","SF"
"268","Jose Alvarado","NOP","Free Agent","PG"
"269","Victor Oladipo","HOU","Free Agent","SG"
"270","Naji Marshall","NOP","Free Agent","SF"
"271","Dwight Powell","DAL","Free Agent","C"
"272","Torrey Craig","CHI","Free Agent","SF,PF"
"273","Jordan Goodwin","PHO","Free Agent","PG,SG"
"274","Brandon Clarke","MEM","Free Agent","PF,C"
"275","DeMarcus Cousins","DEN","Free Agent","C"
"276","Andrew Nembhard","IND","Free Agent","PG,SG"
"277","Larry Nance Jr.","NOP","Free Agent","PF,C"
"278","Davion Mitchell","SAC","Free Agent","PG"
"279","Gary Payton II","GSW","Free Agent","PG"
"280","Luke Kennard","MEM","Free Agent","SG"
"281","Marcus Morris Sr.","PHL","Free Agent","SF,PF"
"282","John Wall","HOU","Free Agent","PG"
"283","Craig Porter","CLE","Free Agent","SG"
"284","Jae'Sean Tate","HOU","Free Agent","SF,PF"
"285","Jabari Walker","POR","Free Agent","PF"
"286","Nickeil Alexander-Walker","MIN","Free Agent","SG"
"287","Nikola Jovic","MIA","Free Agent","SF"
"288","David Roddy","MEM","Free Agent","PF"
"289","Shake Milton","MIN","Free Agent","PG"
"290","Skylar Mays","POR","Free Agent","SG,PG"
"291","John Konchar","MEM","Free Agent","SG,SF"
"292","Will Barton","TOR","Free Agent","SG,SF"
"293","Cedi Osman","SAS","Free Agent","SF"
"294","Ziaire Williams","MEM","Free Agent","SG"
"295","Pat Connaughton","MIL","Free Agent","SG,SF"
"296","Emoni Bates","CLE","Free Agent","SF"
"297","Josh Green","DAL","Free Agent","SG,SF"
"298","Dwight Howard","LAL","Free Agent","C"
"299","Georges Niang","CLE","Free Agent","PF"
"300","Carmelo Anthony","LAL","Free Agent","SF,PF"
"301","Julian Strawther","DEN","Free Agent","SG"
"302","Kevin Knox II","DET","Free Agent","SF"
"303","Jalen McDaniels","TOR","Free Agent","PF"
"304","Devonte' Graham","SAS","Free Agent","PG"
"305","Ochai Agbaji","UTA","Free Agent","SG,SF"
"306","Jevon Carter","CHI","Free Agent","PG"
"307","Daniel Theis","LAC","Free Agent","PF,C"
"308","Thanasis Antetokounmpo","MIL","Free Agent","SF"
"309","Sasha Vezenkov","SAC","Free Agent","PF"
"310","Duop Reath","POR","Free Agent","C"
"311","Kris Dunn","UTA","Free Agent","PG"
"312","Paul Reed","PHL","Free Agent","PF"
"313","Reggie Bullock Jr.","HOU","Free Agent","SG,SF"
"314","Thaddeus Young","TOR","Free Agent","PF"
"315","Justin Holiday","DEN","Free Agent","SG,SF"
"316","Gary Harris","ORL","Free Agent","SG"
"317","Kenrich Williams","OKC","Free Agent","SF"
"318","Dean Wade","CLE","Free Agent","PF"
"319","Haywood Highsmith","MIA","Free Agent","SF"
"320","Trey Lyles","SAC","Free Agent","PF"
"321","P.J. Tucker","LAC","Free Agent","SF,PF"
"322","Montrezl Harrell","PHL","Free Agent","PF,C"
"323","Ricky Rubio","CLE","Free Agent","PG"
"324","Jaxson Hayes","LAL","Free Agent","PF,C"
"325","Jordan Walsh","BOS","Free Agent","SF"
"326","Yuta Watanabe","PHO","Free Agent","SF"
"327","Nassir Little","PHO","Free Agent","SF,PF"
"328","Trayce Jackson-Davis","GSW","Free Agent","PF"
"329","Richaun Holmes","DAL","Free Agent","PF,C"
"330","MarJon Beauchamp","MIL","Free Agent","SG"
"331","Otto Porter Jr.","TOR","Free Agent","SF"
"332","Vince Williams Jr.","MEM","Free Agent","SF"
"333","Jaden Hardy","DAL","Free Agent","SG"
"334","Danilo Gallinari","WAS","Free Agent","SF,PF"
"335","Peyton Watson","DEN","Free Agent","SF"
"336","JaVale McGee","SAC","Free Agent","C"
"337","Tristan Thompson","CLE","Free Agent","PF,C"
"338","Rudy Gay","GSW","Free Agent","PF"
"339","DeAndre Jordan","DEN","Free Agent","C"
"340","Jeff Green","HOU","Free Agent","PF"
"341","Jett Howard","ORL","Free Agent","SG,SF"
"342","Tacko Fall","CLE","Free Agent","C"
"343","Jalen Hood-Schifino","LAL","Free Agent","PG"
"344","Oshae Brissett","BOS","Free Agent","PF"
"345","Blake Griffin","BOS","Free Agent","PF,C"
"346","Kris Murray","POR","Free Agent","PF"
"347","T.J. Warren","PHO","Free Agent","SF"
"348","Jaylen Nowell","MEM","Free Agent","SG"
"349","Max Christie","LAL","Free Agent","SG"
"350","Jaylin Williams","OKC","Free Agent","C"
"351","Omer Yurtseven","UTA","Free Agent","C"
"352","Trendon Watford","BKN","Free Agent","PF"
"353","Chris Duarte","SAC","Free Agent","SG"
"354","Kobe Bufkin","ATL","Free Agent","PG"
"355","AJ Griffin","ATL","Free Agent","SF"
"356","Joe Harris","DET","Free Agent","SG,SF"
"357","JaMychal Green","GSW","Free Agent","PF"
"358","Jeremiah Robinson-Earl","NOP","Free Agent","PF,C"
"359","Eric Bledsoe","POR","Free Agent","PG,SG"
"360","Luke Kornet","BOS","Free Agent","C"
"361","Aaron Holiday","HOU","Free Agent","PG"
"362","Leonard Miller","MIN","Free Agent","PF,SF"
"363","Doug McDermott","SAS","Free Agent","SF"
"364","Jericho Sims","NYK","Free Agent","PF"
"365","Hamidou Diallo","DET","Free Agent","SG,SF"
"366","Maxi Kleber","DAL","Free Agent","PF"
"367","Neemias Queta","BOS","Free Agent","C"
"368","Cody Martin","CHA","Free Agent","SF"
"369","Boban Marjanovic","HOU","Free Agent","C"
"370","Ousmane Dieng","OKC","Free Agent","SF"
"371","Chimezie Metu","PHO","Free Agent","C"
"372","Keita Bates-Diop","PHO","Free Agent","SF"
"373","Troy Brown Jr.","MIN","Free Agent","SF"
"374","Landry Shamet","WAS","Free Agent","SG"
"375","Kobe Brown","LAC","Free Agent","PF"
"376","Cory Joseph","GSW","Free Agent","PG"
"377","Patty Mills","ATL","Free Agent","PG"
"378","Terrence Ross","PHO","Free Agent","SG,SF"
"379","Andre Iguodala","GSW","Free Agent","SG,SF"
"380","Nick Smith Jr.","CHA","Free Agent","PG"
"381","Aaron Wiggins","OKC","Free Agent","SG"
"382","Malachi Flynn","TOR","Free Agent","PG"
"383","Paul Zipser","CHI","Free Agent","SF"
"384","Evan Fournier","NYK","Free Agent","SG,SF"
"385","Charles Bassey","SAS","Free Agent","C"
"386","Johnny Davis","WAS","Free Agent","SG"
"387","Jared Butler","WAS","Free Agent","SG"
"388","Olivier-Maxence Prosper","DAL","Free Agent","PF"
"389","Cody Zeller","NOP","Free Agent","C"
"390","Davis Bertans","OKC","Free Agent","PF"
"391","Damion Lee","PHO","Free Agent","SG,SF"
"392","Kai Jones","CHA","Free Agent","PF"
"393","Kenneth Lofton Jr.","MEM","Free Agent","PF"
"394","Rajon Rondo","CLE","Free Agent","PG"
"395","Robin Lopez","MIL","Free Agent","C"
"396","Tre Mann","OKC","Free Agent","PG"
"397","Noah Clowney","BKN","Free Agent","PF"
"398","Wang Zhelin","MEM","Free Agent","C"
"399","Nerlens Noel","SAC","Free Agent","C"
"400","Austin Rivers","MIN","Free Agent","SG"
"401","Dariq Whitehead","BKN","Free Agent","SG"
"402","Darius Bazley","BKN","Free Agent","SF,PF"
"403","Saben Lee","PHO","Free Agent","PG"
"404","Dalano Banton","BOS","Free Agent","PG"
"405","Andre Jackson Jr.","MIL","Free Agent","SG"
"406","Brice Sensabaugh","UTA","Free Agent","SF"
"407","TyTy Washington Jr.","MIL","Free Agent","PG"
"408","LaMarcus Aldridge","BKN","Free Agent","PF,C"
"409","Joshua Primo","LAC","Free Agent","SG"
"410","Jordan McLaughlin","MIN","Free Agent","PG"
"411","Luka Garza","MIN","Free Agent","C"
"412","Julian Champagnie","SAS","Free Agent","SF,SG"
"413","Hassan Whiteside","UTA","Free Agent","C"
"414","Danny Green","PHL","Free Agent","SG,SF"
"415","Lamar Stevens","BOS","Free Agent","PF"
"416","James Bouknight","CHA","Free Agent","SG"
"417","Joe Young","IND","Free Agent","PG"
"418","Danuel House Jr.","PHL","Free Agent","SG,SF"
"419","Isaiah Livers","DET","Free Agent","SF,PF"
"420","Udonis Haslem","MIA","Free Agent","PF"
"421","Goran Dragic","MIL","Free Agent","PG"
"422","Ish Smith","CHA","Free Agent","PG"
"423","JT Thor","CHA","Free Agent","PF"
"424","Jaden Springer","PHL","Free Agent","PG"
"425","Furkan Korkmaz","PHL","Free Agent","SG"
"426","Serge Ibaka","IND","Free Agent","PF,C"
"427","Chuma Okeke","ORL","Free Agent","PF"
"428","Isaiah Thomas","CHA","Free Agent","PG"
"429","Patric Young","NOP","Free Agent","C"
"430","Svi Mykhailiuk","BOS","Free Agent","SG"
"431","Zeke Nnaji","DEN","Free Agent","PF"
"432","Mike Muscala","WAS","Free Agent","C"
"433","Usman Garuba","GSW","Free Agent","PF"
"434","Kendrick Nunn","WAS","Free Agent","SG"
"435","R.J. Hampton","MIA","Free Agent","PG"
"436","Damian Jones","CLE","Free Agent","C"
"437","Keyontae Johnson","OKC","Free Agent","SF"
"438","Marcus Zegarowski","BKN","Free Agent","PG"
"439","Mac McClung","ORL","Free Agent","SG"
"440","Zhou Qi","HOU","Free Agent","C"
"441","Jalen Pickett","DEN","Free Agent","SG"
"442","Matt Ryan","NOP","Free Agent","SF"
"443","GG Jackson","MEM","Free Agent","PF"
"444","Maxwell Lewis","LAL","Free Agent","SF"
"445","Colby Jones","SAC","Free Agent","SF,SG"
"446","Jeremy Lamb","SAC","Free Agent","SG,SF"
"447","Keon Ellis","SAC","Free Agent","SG"
"448","Julian Phillips","CHI","Free Agent","SF"
"449","Blake Wesley","SAS","Free Agent","SG"
"450","Enes Freedom","BOS","Free Agent","C"
"451","Hunter Tyson","DEN","Free Agent","SF"
"452","Josh Christopher","UTA","Free Agent","SG"
"453","Kira Lewis Jr.","NOP","Free Agent","PG"
"454","Miles McBride","NYK","Free Agent","PG"
"455","Isaiah Roby","NYK","Free Agent","PF,C"
"456","Ben Sheppard","IND","Free Agent","SG"
"457","Jalen Wilson","BKN","Free Agent","PF"
"458","Rade Zagorac","MEM","Free Agent","SG"
"459","Isaiah Mobley","CLE","Free Agent","PF"
"460","Lance Stephenson","IND","Free Agent","SF"
"461","Terence Davis","SAC","Free Agent","SG"
"462","Moses Wright","DAL","Free Agent","PF"
"463","Robert Woodard II","OKC","Free Agent","SF"
"464","Jacob Gilyard","MEM","Free Agent","PG"
"465","JD Davison","BOS","Free Agent","PG"
"466","George Hill","IND","Free Agent","PG,SG"
"467","Quinndary Weatherspoon","GSW","Free Agent","SG"
"468","Dewayne Dedmon","PHL","Free Agent","C"
"469","Josh Jackson","TOR","Free Agent","SG,SF"
"470","Nemanja Bjelica","GSW","Free Agent","PF,C"
"471","Dalen Terry","CHI","Free Agent","PG"
"472","Justin Wright-Foreman","UTA","Free Agent","PG"
"473","Derrick Favors","CHI","Free Agent","PF,C"
"474","Chris Livingston","MIL","Free Agent","SF"
"475","Justise Winslow","TOR","Free Agent","SF"
"476","Bryce McGowens","CHA","Free Agent","SG"
"477","Nate Wolters","UTA","Free Agent","PG"
"478","Jock Landale","HOU","Free Agent","C"
"479","Jake LaRavia","MEM","Free Agent","PF"
"480","Sidy Cissoko","SAS","Free Agent","SG"
"481","Jordan Nwora","IND","Free Agent","SF"
"482","Garrison Mathews","ATL","Free Agent","SG,SF"
"483","Taj Gibson","NYK","Free Agent","PF"
"484","Armoni Brooks","BKN","Free Agent","PG"
"485","Isaiah Wong","IND","Free Agent","PG"
"486","Elfrid Payton","PHO","Free Agent","PG"
"487","Rayan Rupert","POR","Free Agent","SG"
"488","Raul Neto","CLE","Free Agent","PG"
"489","James Nnaji","CHA","Free Agent","C"
"490","Dru Smith","MIA","Free Agent","PG"
"491","Sandro Mamukelashvili","SAS","Free Agent","C"
"492","Amari Bailey","CHA","Free Agent","SG"
"493","Theo Maledon","CHA","Free Agent","PG"
"494","Mouhamed Gueye","ATL","Free Agent","PF"
"495","McKinley Wright IV","DAL","Free Agent","PG"
"496","Dylan Windler","NYK","Free Agent","SF"
"497","Christian Koloko","TOR","Free Agent","C"
"498","Lou Williams","ATL","Free Agent","SG"
"499","Cassius Winston","WAS","Free Agent","PG"
"500","Jordan Miller","LAC","Free Agent","SF"
"501","Vasilije Micic","OKC","Free Agent","PG,SG"
"502","Willy Hernangomez","NOP","Free Agent","C"
"503","Tristan Vukcevic","WAS","Free Agent","PF"
"504","Juancho Hernangomez","TOR","Free Agent","PF"
"505","Josh Minott","MIN","Free Agent","PF"
"506","Tony Snell","NOP","Free Agent","SG"
"507","Edmond Sumner","CHA","Free Agent","SG"
"508","David Nwaba","OKC","Free Agent","SG,SF"
"509","Juan Toscano-Anderson","SAC","Free Agent","PF"
"510","Wenyen Gabriel","BOS","Free Agent","SF"
"511","James Johnson","IND","Free Agent","PF"
"512","Ty Jerome","CLE","Free Agent","PG"
"513","Anthony Lamb","GSW","Free Agent","SF"
"514","Wesley Matthews","ATL","Free Agent","SF"
"515","Wendell Moore Jr.","MIN","Free Agent","SF"
"516","Tomas Satoransky","WAS","Free Agent","PG,SG"
"517","Gorgui Dieng","SAS","Free Agent","PF,C"
"518","Patrick Baldwin Jr.","WAS","Free Agent","SF"
"519","Meyers Leonard","MIL","Free Agent","C"
"520","Shaquille Harrison","MEM","Free Agent","SG"
"521","Moses Brown","POR","Free Agent","C"
"522","Bruno Fernando","ATL","Free Agent","C"
"523","Moussa Diabate","LAC","Free Agent","PF"
"524","Bryn Forbes","MIN","Free Agent","SG"
"525","D.J. Wilson","ORL","Free Agent","PF"
"526","Eugene Omoruyi","WAS","Free Agent","SF"
"527","Shabazz Muhammad","MIL","Free Agent","SF"
"528","Sharife Cooper","CLE","Free Agent","PG"
"529","Udoka Azubuike","PHO","Free Agent","C"
"530","Jalen Slawson","SAC","Free Agent","PF"
"531","Eric Paschall","MIN","Free Agent","PF"
"532","Gui Santos","GSW","Free Agent","SF"
"533","Jamil Wilson","LAC","Free Agent","PF"
"534","Isaac Bonga","TOR","Free Agent","SF"
"535","Alex Len","SAC","Free Agent","C"
"536","Jaylen Clark","MIN","Free Agent","SG"
"537","Ryan Arcidiacono","NYK","Free Agent","PG"
"538","Sam Merrill","CLE","Free Agent","SG"
"539","Olivier Sarr","OKC","Free Agent","C"
"540","Maurice Harkless","HOU","Free Agent","SF"
"541","Frank Ntilikina","CHA","Free Agent","PG"
"542","Garrett Temple","TOR","Free Agent","SG"
"543","Satnam Singh Bhamara","DAL","Free Agent","C"
"544","Vlatko Cancar","DEN","Free Agent","SF"
"545","Markieff Morris","DAL","Free Agent","PF"
"546","Matthew Dellavedova","SAC","Free Agent","PG"
"547","Seth Lundy","ATL","Free Agent","SG"
"548","Troy Williams","SAC","Free Agent","SF"
"549","Jordan Bell","CHI","Free Agent","C"
"550","Khem Birch","SAS","Free Agent","C"
"551","Lindy Waters III","OKC","Free Agent","SF"
"552","Trevor Ariza","LAL","Free Agent","SF"
"553","E.J. Liddell","NOP","Free Agent","PF"
"554","Amir Coffey","LAC","Free Agent","SG"
"555","J.J. Barea","DAL","Free Agent","PG"
"556","David Stockton","LAL","Free Agent","PG"
"557","Mitchell Watt","FA","Free Agent","PF"
"558","Ron Baker","WAS","Free Agent","SG"
"559","Jarron Cumberland","POR","Free Agent","SG"
"560","Caleb Houstan","ORL","Free Agent","SF"
"561","Jabari Parker","BOS","Free Agent","PF"
"562","Frank Kaminsky","HOU","Free Agent","C"
"563","Paul Millsap","PHL","Free Agent","PF"
"564","Brandon Boston Jr.","LAC","Free Agent","SG"
"565","Javonte Green","GSW","Free Agent","SG,SF"
"566","Aaron Craft","FA","Free Agent","SG"
"567","Diamond Stone","CHI","Free Agent","C"
"568","Rakeem Christmas","IND","Free Agent","PF"
"569","Jabari Brown","MIL","Free Agent","SG"
"570","Facundo Campazzo","DAL","Free Agent","PG"
"571","Ryan Rollins","WAS","Free Agent","SG"
"572","Stanley Umude","DET","Free Agent","SG"
"573","Jack White","OKC","Free Agent","SF"
"574","D.J. Augustin","HOU","Free Agent","PG"
"575","Johnathan Williams","WAS","Free Agent","C"
"576","RaiQuan Gray","BKN","Free Agent","PF"
"577","Jamal Cain","MIA","Free Agent","SF"
"578","Mojave King","IND","Free Agent","SG"
"579","Nigel Hayes","SAC","Free Agent","SF"
"580","Brad Wanamaker","WAS","Free Agent","PG"
"581","Kessler Edwards","SAC","Free Agent","SF"
"582","Anthony Brown","PHL","Free Agent","SF"
"583","Jay Scrubb","BOS","Free Agent","SG"
"584","Joe Johnson","BOS","Free Agent","SG"
"585","DaQuan Jeffries","NYK","Free Agent","SG"
"586","Luka Samanic","UTA","Free Agent","PF"
"587","Dee Bost","FA","Free Agent","PG"
"588","Admiral Schofield","ORL","Free Agent","SF"
"589","Terry Taylor","CHI","Free Agent","SG"
"590","Sim Bhullar","SAC","Free Agent","C"
"591","Michael Carter-Williams","ORL","Free Agent","PG"
"592","Darren Collison","LAL","Free Agent","PG"
"593","Joe Wieskamp","DAL","Free Agent","SF"
"594","Willie Cauley-Stein","HOU","Free Agent","C"
"595","Jay Huff","DEN","Free Agent","C"
"596","Keon Johnson","BKN","Free Agent","SG"
"597","Alec Brown","FA","Free Agent","C"
"598","DeAndre Daniels","FA","Free Agent","SF"
"599","Marques Bolden","MIL","Free Agent","C"
"600","Ish Wainright","POR","Free Agent","PF"
"601","Wayne Ellington","LAL","Free Agent","SG"
"602","Brandon Knight","DAL","Free Agent","PG"
"603","Brandon Williams","ORL","Free Agent","PG"
"604","Justin Jackson","OKC","Free Agent","SF"
"605","Mike James","BKN","Free Agent","PG"
"606","Walt Lemon Jr.","IND","Free Agent","PG"
"607","Chasson Randle","DEN","Free Agent","PG"
"608","Marshall Plumlee","MIL","Free Agent","C"
"609","James Webb III","BKN","Free Agent","PF"
"610","C.J. Williams","BKN","Free Agent","SF"
"611","Denzel Valentine","BOS","Free Agent","SG,SF"
"612","Zoran Dragic","BOS","Free Agent","SG"
"613","Trey Burke","OKC","Free Agent","PG"
"614","Louis King","PHL","Free Agent","PF"
"615","Tyler Cook","CHI","Free Agent","PF"
"616","Greg Whittington","DEN","Free Agent","SF"
"617","Daishen Nix","MIN","Free Agent","SG"
"618","Alan Williams","BKN","Free Agent","PF"
"619","Cat Barber","ATL","Free Agent","PG"
"620","Micah Potter","UTA","Free Agent","C"
"621","Tarik Biberovic","MEM","Free Agent","PF"
"622","James Ennis III","DEN","Free Agent","SF"
"623","Michael Cobbins","OKC","Free Agent","PF"
"624","Quinn Cook","SAC","Free Agent","PG"
"625","Mfiondu Kabengele","BOS","Free Agent","PF"
"626","Harry Giles III","BKN","Free Agent","PF,C"
"627","Mindaugas Kuzminskas","NYK","Free Agent","PF"
"628","Xavier Sneed","CHA","Free Agent","SF"
"629","Coty Clarke","BOS","Free Agent","PF"
"630","Georgios Papagiannis","POR","Free Agent","C"
"631","Okaro White","WAS","Free Agent","PF"
"632","Greg Brown III","DAL","Free Agent","PF"
"633","Monta Ellis","IND","Free Agent","SG"
"634","Xavier Moon","LAC","Free Agent","PG"
"635","Joel Berry II","LAL","Free Agent","PG"
"636","DJ Stephens","MEM","Free Agent","SG"
"637","Louis Labeyrie","FA","Free Agent","PF"
"638","James Michael McAdoo","PHL","Free Agent","PF"
"639","Alex Kirk","CLE","Free Agent","C"
"640","Colin Castleton","LAL","Free Agent","C"
"641","Shawn Long","HOU","Free Agent","PF"
"642","Jontay Porter","TOR","Free Agent","PF"
"643","Avery Bradley","LAL","Free Agent","SG"
"644","Cristiano Felicio","CHI","Free Agent","C"
"645","Anthony Gill","WAS","Free Agent","PF"
"646","MarShon Brooks","CHI","Free Agent","SG"
"647","Chris Johnson","HOU","Free Agent","SF"
"648","Sterling Brown","LAL","Free Agent","SG"
"649","Nathan Knight","BOS","Free Agent","C"
"650","Vander Blue","LAL","Free Agent","SG"
"651","Filip Petrusev","SAC","Free Agent","C"
"652","Willie Reed","CHI","Free Agent","C"
"653","Shayne Whittington","IND","Free Agent","C"
"654","Marial Shayok","BOS","Free Agent","SF"
"655","Andrew White III","NYK","Free Agent","SG"
"656","Jordan Bone","ORL","Free Agent","PG"
"657","Stanley Johnson","SAS","Free Agent","SF"
"658","Tony Bradley","DAL","Free Agent","C"
"659","Joel Bolomboy","MIL","Free Agent","PF"
"660","Jake Layman","BOS","Free Agent","SF"
"661","Aaron White","WAS","Free Agent","SF"
"662","Kendall Brown","IND","Free Agent","SF"
"663","Duane Washington Jr.","NYK","Free Agent","PG"
"664","Juhann Begarin","BOS","Free Agent","SG"
"665","Dwight Buycks","DET","Free Agent","PG"
"666","Tyler Ennis","LAL","Free Agent","PG"
"667","Darrun Hilliard","SAS","Free Agent","SF"
"668","Anthony Tolliver","NOP","Free Agent","PF"
"669","Eric Griffin","UTA","Free Agent","SF"
"670","Aron Baynes","TOR","Free Agent","C"
"671","Deng Adel","BKN","Free Agent","SF"
"672","Rayjon Tucker","MIL","Free Agent","SF"
"673","Kyle Guy","MIA","Free Agent","SG"
"674","Briante Weber","MIA","Free Agent","PG"
"675","Kobi Simmons","CHA","Free Agent","PG"
"676","Timothe Luwawu-Cabarrot","PHO","Free Agent","SF"
"677","Deonte Burton","SAC","Free Agent","SG"
"678","Bryce Cotton","MEM","Free Agent","SG"
"679","Rodney McGruder","GSW","Free Agent","SG"
"680","Khalifa Diop","CLE","Free Agent","C"
"681","Jacob Wiley","BKN","Free Agent","SF"
"682","Trent Forrest","ATL","Free Agent","SG"
"683","Carsen Edwards","DET","Free Agent","PG"
"684","Marquese Chriss","OKC","Free Agent","PF,C"
"685","Collin Gillespie","DEN","Free Agent","PG"
"686","Kennedy Chandler","MEM","Free Agent","PG"
"687","Marcelo Huertas","HOU","Free Agent","PG"
"688","Kent Bazemore","SAC","Free Agent","SG,SF"
"689","Marko Simonovic","CHI","Free Agent","C"
"690","Alpha Kaba","ATL","Free Agent","PF"
"691","Kevin Pangos","CLE","Free Agent","PG"
"692","Tyler Davis","OKC","Free Agent","C"
"693","Sekou Doumbouya","LAL","Free Agent","PF"
"694","Greg Monroe","MIN","Free Agent","C"
"695","Larry Drew II","DET","Free Agent","SG"
"696","Emmanuel Mudiay","SAC","Free Agent","PG"
"697","Romeo Langford","UTA","Free Agent","SG"
"698","Hollis Thompson","SAC","Free Agent","SF"
"699","Phil Pressey","GSW","Free Agent","PG"
"700","James Nunnally","NOP","Free Agent","SG"
"701","Jonathon Simmons","WAS","Free Agent","SF"
"702","Chris McCullough","DET","Free Agent","PF"
"703","Xavier Rathan-Mayes","NYK","Free Agent","PG"
"704","Ed Davis","CLE","Free Agent","PF"
"705","Carlik Jones","CHI","Free Agent","PG"
"706","Killian Tillie","MEM","Free Agent","C"
"707","Cliff Alexander","NOP","Free Agent","PF"
"708","Abdel Nader","PHO","Free Agent","SF"
"709","Tyrone Wallace","NOP","Free Agent","PG"
"710","Justin James","NOP","Free Agent","SG"
"711","Frank Jackson","UTA","Free Agent","PG"
"712","Tyler Johnson","SAS","Free Agent","PG"
"713","Kyle Collinsworth","UTA","Free Agent","SG"
"714","Tyrese Martin","MIN","Free Agent","SF"
"715","Lucas Nogueira","TOR","Free Agent","C"
"716","Balsa Koprivica","DET","Free Agent","C"
"717","Xavier Munford","MIL","Free Agent","SG"
"718","Lance Thomas","BKN","Free Agent","PF"
"719","Devontae Cacok","POR","Free Agent","C"
"720","C.J. Miles","BOS","Free Agent","SF"
"721","Nik Stauskas","IND","Free Agent","SG"
"722","Zavier Simpson","DET","Free Agent","PG"
"723","Jemerrio Jones","LAL","Free Agent","SF"
"724","Ben Bentil","DAL","Free Agent","PF"
"725","Matt Costello","SAS","Free Agent","PF"
"726","Nico Mannion","GSW","Free Agent","PG"
"727","Nicolo Melli","DAL","Free Agent","PF"
"728","Yogi Ferrell","LAC","Free Agent","SG"
"729","Russ Smith","MEM","Free Agent","PG"
"730","Oscar Tshiebwe","IND","Free Agent","C"
"731","Jordan Mickey","MIA","Free Agent","PF"
"732","Cleanthony Early","NYK","Free Agent","SF"
"733","Jaylen Adams","MIL","Free Agent","PG"
"734","J.P. Tokoto","NYK","Free Agent","SG"
"735","Lorenzo Brown","TOR","Free Agent","SG"
"736","George King","DAL","Free Agent","SF"
"737","Keljin Blevins","POR","Free Agent","SF"
"738","MJ Walker","PHO","Free Agent","SG"
"739","Markus Howard","DEN","Free Agent","PG"
"740","Chris Silva","ATL","Free Agent","PF"
"741","DeAndre' Bembry","MIL","Free Agent","SF"
"742","Joel Ayayi","WAS","Free Agent","PG"
"743","Marcus Paige","CHA","Free Agent","PG"
"744","Derrick Walton Jr.","DET","Free Agent","PG"
"745","Naz Mitrou-Long","IND","Free Agent","SG"
"746","Angel Delgado","LAC","Free Agent","C"
"747","Jon Teske","MEM","Free Agent","C"
"748","Matt Williams Jr.","MIA","Free Agent","SG"
"749","Shane Larkin","BOS","Free Agent","PG"
"750","Yam Madar","BOS","Free Agent","PG"
"751","Johnathan Motley","PHO","Free Agent","PF"
"752","Tim Frazier","CLE","Free Agent","PG"
"753","Jarrod Uthoff","NOP","Free Agent","PF"
"754","Cody Demps","SAC","Free Agent","PG"
"755","Theo Pinson","DAL","Free Agent","SG"
"756","PJ Dozier","SAC","Free Agent","PG"
"757","Donta Hall","ORL","Free Agent","PF"
"758","Mamadi Diakite","CLE","Free Agent","PF"
"759","Justin Jackson","ORL","Free Agent","SF"
"760","Justin Champagnie","MIA","Free Agent","SF"
"761","Sam Dekker","TOR","Free Agent","PF"
"762","Alex Poythress","ATL","Free Agent","PF"
"763","Devin Cannady","ORL","Free Agent","PG"
"764","Jarrett Culver","ATL","Free Agent","SG"
"765","Jordan Loyd","TOR","Free Agent","PG"
"766","Jordan Sibert","ATL","Free Agent","SG"
"767","Drew Gordon","PHL","Free Agent","PF"
"768","Ben Moore","SAS","Free Agent","PF"
"769","Chinanu Onuaku","POR","Free Agent","PF"
"770","Keith Appling","ORL","Free Agent","PG"
"771","Sean Kilpatrick","CHI","Free Agent","SG"
"772","Tyler Cavanaugh","UTA","Free Agent","PF"
"773","Semi Ojeleye","LAC","Free Agent","PF"
"774","Davon Reed","LAL","Free Agent","SG"
"775","Jordan Adams","MEM","Free Agent","SG"
"776","Leandro Bolmaro","UTA","Free Agent","SG"
"777","Jorge Gutierrez","DEN","Free Agent","PG"
"778","Vincent Poirier","NYK","Free Agent","C"
"779","BJ Johnson","ORL","Free Agent","SF"
"780","Ignas Brazdeikis","ORL","Free Agent","PF"
"781","Devin Robinson","TOR","Free Agent","SF"
"782","Luka Mitrovic","PHL","Free Agent","SF"
"783","Justin Anderson","IND","Free Agent","SF"
"784","Marcus Derrickson","ATL","Free Agent","SF"
"785","Yante Maten","BOS","Free Agent","PF"
"786","Josh Magette","ORL","Free Agent","PG"
"787","Alfonzo McKinnie","CHI","Free Agent","SF"
"788","Rokas Jokubaitis","NYK","Free Agent","PG"
"789","Joffrey Lauvergne","SAS","Free Agent","C"
"790","Ismael Kamagate","POR","Free Agent","C"
"791","Solomon Hill","NYK","Free Agent","SF"
"792","Lamar Patterson","ATL","Free Agent","SG"
"793","Grant Jerrett","POR","Free Agent","PF"
"794","Julian Washburn","GSW","Free Agent","SF"
"795","Langston Galloway","IND","Free Agent","SG"
"796","Yves Pons","MEM","Free Agent","SG"
"797","Nicolas Laprovittola","SAS","Free Agent","SG"
"798","Duje Dukan","SAC","Free Agent","PF"
"799","Georgios Kalaitzakis","OKC","Free Agent","PG"
"800","Michael Gbinije","GSW","Free Agent","SG"
"801","Jaime Echenique","WAS","Free Agent","C"
"802","Dewan Hernandez","TOR","Free Agent","C"
"803","Isaac Humphries","ORL","Free Agent","C"
"804","Cheick Diallo","MIA","Free Agent","PF"
"805","Amile Jefferson","BOS","Free Agent","PF"
"806","Mangok Mathiang","CHA","Free Agent","PF"
"807","Jalen Jones","WAS","Free Agent","SF"
"808","Reggie Perry","POR","Free Agent","C"
"809","Joe Chealey","CHA","Free Agent","PG"
"810","Chris Clemons","ATL","Free Agent","PG"
"811","Erik McCree","UTA","Free Agent","SF"
"812","Donte Grantham","LAC","Free Agent","SF"
"813","Jameel Warney","DAL","Free Agent","PF"
"814","Alec Peters","PHO","Free Agent","PF"
"815","Gabriel Deck","OKC","Free Agent","SF"
"816","Trey McKinney-Jones","IND","Free Agent","SG"
"817","London Perrantes","POR","Free Agent","PG"
"818","Olivier Hanlan","SAS","Free Agent","PG"
"819","Paul Watson","OKC","Free Agent","SG"
"820","Nikola Radicevic","DEN","Free Agent","PG"
"821","Ian Clark","NOP","Free Agent","SG"
"822","Trevor Keels","MIN","Free Agent","SG"
"823","Mike Tobey","CHA","Free Agent","C"
"824","Yannick Nzosa","WAS","Free Agent","C"
"825","Arnoldas Kulboka","CHA","Free Agent","SF"
"826","Branden Dawson","ORL","Free Agent","SF"
"827","Treveon Graham","MIL","Free Agent","SF"
"828","Bonzie Colson","MIL","Free Agent","PF"
"829","Isaiah Taylor","TOR","Free Agent","PG"
"830","Cady Lalanne","SAS","Free Agent","C"
"831","Ognjen Jaramaz","NYK","Free Agent","PG"
"832","Chance Comanche","SAC","Free Agent","C"
"833","Sheldon Mac","CLE","Free Agent","SG"
"834","Jalen Lecque","MIL","Free Agent","PG"
"835","Keenan Evans","DET","Free Agent","SG"
"836","Chris Chiozza","BKN","Free Agent","PG"
"837","Grant Riller","PHL","Free Agent","PG"
"838","Salah Mejri","DAL","Free Agent","C"
"839","Marcus Thornton","CLE","Free Agent","SG"
"840","Josh Gray","BKN","Free Agent","PG"
"841","J.J. O'Brien","MIL","Free Agent","SF"
"842","Kay Felder","TOR","Free Agent","PG"
"843","Cameron Bairstow","DET","Free Agent","PF"
"844","Jarnell Stokes","MEM","Free Agent","PF"
"845","Melvin Frazier Jr.","OKC","Free Agent","SF"
"846","Tyler Bey","HOU","Free Agent","PF"
"847","Alen Smailagic","GSW","Free Agent","PF"
"848","Mitch McGary","OKC","Free Agent","PF"
"849","Tyler Dorsey","DAL","Free Agent","SG"
"850","Richard Solomon","OKC","Free Agent","PF"
"851","Ky Bowman","LAC","Free Agent","PG"
"852","Rodney Hood","LAC","Free Agent","SG"
"853","DeVaughn Akoon-Purcell","OKC","Free Agent","SG"
"854","Jared Harper","NOP","Free Agent","PG"
"855","Pierre Deshawn Jackson","DAL","Free Agent","PG"
"856","Scotty Hopson","OKC","Free Agent","SG"
"857","Troy Daniels","DEN","Free Agent","SG"
"858","Vit Krejci","MIN","Free Agent","PG"
"859","Arturas Gudaitis","CLE","Free Agent","C"
"860","Vernon Carey Jr.","WAS","Free Agent","C"
"861","Edy Tavares","CLE","Free Agent","C"
"862","Javin DeLaurier","MIL","Free Agent","C"
"863","AJ Hammons","MIA","Free Agent","C"
"864","JaKarr Sampson","IND","Free Agent","PF"
"865","Maurice Ndour","NYK","Free Agent","SF"
"866","Cameron Oliver","ATL","Free Agent","PF"
"867","Daniel Ochefu","WAS","Free Agent","PF"
"868","Jeff Dowtin Jr.","TOR","Free Agent","PG"
"869","Brandon Goodwin","CLE","Free Agent","PG"
"870","Norvel Pelle","POR","Free Agent","C"
"871","Antonio Blakeney","CHI","Free Agent","SG"
"872","Adreian Payne","ORL","Free Agent","PF"
"873","Marcus Georges-Hunt","BOS","Free Agent","SG"
"874","Hassani Gravett","ORL","Free Agent","PG"
"875","Wes Iwundu","SAC","Free Agent","SF"
"876","Malcolm Delaney","ATL","Free Agent","PG"
"877","Josh Hall","OKC","Free Agent","SF"
"878","Josh Huestis","SAS","Free Agent","SF"
"879","Ty-Shon Alexander","PHO","Free Agent","SG"
"880","Jason Preston","LAC","Free Agent","PG"
"881","Rawle Alkins","NOP","Free Agent","SG"
"882","Jerome Robinson","GSW","Free Agent","SG"
"883","Michael Frazier","HOU","Free Agent","SG"
"884","Ben McLemore","POR","Free Agent","SG"
"885","Amida Brimah","DEN","Free Agent","C"
"886","Freddie Gillespie","ORL","Free Agent","PF"
"887","Damien Inglis","NYK","Free Agent","SF"
"888","Brice Johnson","DET","Free Agent","PF"
"889","Malcolm Miller","TOR","Free Agent","SF"
"890","Marcus Garrett","MIA","Free Agent","SG"
"891","Matt Thomas","CHI","Free Agent","SG"
"892","Nikola Milutinov","SAS","Free Agent","C"
"893","Chaundee Brown Jr.","ATL","Free Agent","SG"
"894","Isaiah Briscoe","ORL","Free Agent","PG"
"895","Charles Cooke","MIA","Free Agent","SG"
"896","Dakari Johnson","MEM","Free Agent","C"
"897","Scottie Lewis","CHA","Free Agent","SG"
"898","Damjan Rudez","ORL","Free Agent","SF"
"899","Justin Robinson","DET","Free Agent","PG"
"900","Zylan Cheatham","NOP","Free Agent","SF"
"901","Rashad Vaughn","DAL","Free Agent","SF"
"902","Karlo Matkovic","NOP","Free Agent","PF"
"903","Mitchell Creek","MIN","Free Agent","SF"
"904","Ryan Broekhoff","PHL","Free Agent","SG"
"905","Semaj Christon","OKC","Free Agent","PG"
"906","Gian Clavell","DAL","Free Agent","SG"
"907","KJ McDaniels","OKC","Free Agent","SF"
"908","Isaiah Cousins","UTA","Free Agent","SG"
"909","Adam Mokoka","OKC","Free Agent","SG"
"910","Will Cherry","GSW","Free Agent","SG"
"911","Eric Atkins","UTA","Free Agent","PG"
"912","Jamorko Pickett","DEN","Free Agent","PF"
"913","Isaiah Todd","MEM","Free Agent","PF"
"914","Nate Hinton","HOU","Free Agent","SG"
"915","Hugo Besson","IND","Free Agent","PG"
"916","Zach Norvell Jr.","CHI","Free Agent","SG"
"917","Alize Johnson","SAS","Free Agent","PF"
"918","Noah Vonleh","SAS","Free Agent","PF"
"919","Dimitrios Agravanis","SAC","Free Agent","PF"
"920","Juwan Morgan","LAC","Free Agent","SF"
"921","Gary Clark","NOP","Free Agent","PF"
"922","Jarrell Brantley","UTA","Free Agent","PF"
"923","Marko Guduric","MEM","Free Agent","SG"
"924","Tim Quarterman","HOU","Free Agent","SG"
"925","Trevon Duval","HOU","Free Agent","PG"
"926","Tyrell Terry","MEM","Free Agent","PG"
"927","Jahmi'us Ramsey","SAC","Free Agent","SG"
"928","P.J. Hairston","HOU","Free Agent","SG"
"929","Eric Moreland","OKC","Free Agent","PF"
"930","Antonius Cleveland","OKC","Free Agent","SG"
"931","Matteo Spagnolo","MIN","Free Agent","PG"
"932","Tyler Harvey","MEM","Free Agent","SG"
"933","David Johnson","MEM","Free Agent","PG"
"934","David Duke Jr.","SAS","Free Agent","SG"
"935","Daniel Oturu","TOR","Free Agent","C"
"936","Feron Hunt","NYK","Free Agent","PF"
"937","Onuralp Bitim","CHI","Free Agent","SF"
"938","Eric Mika","SAC","Free Agent","C"
"939","Billy Garrett Jr.","NYK","Free Agent","SG"
"940","Brandon Sampson","CHI","Free Agent","SG"
"941","Tremont Waters","WAS","Free Agent","PG"
"942","Cassius Stanley","DET","Free Agent","SG"
"943","Allonzo Trier","NYK","Free Agent","SG"
"944","Devon Dotson","WAS","Free Agent","PG"
"945","Luis Montero","DET","Free Agent","SG"
"946","Jaylen Hands","DET","Free Agent","PG"
"947","Milton Doyle","CHI","Free Agent","SG"
"948","Luke Travers","CLE","Free Agent","SG"
"949","J.P. Macura","CLE","Free Agent","SG"
"950","Damyean Dotson","NYK","Free Agent","SG"
"951","Cameron McGriff","POR","Free Agent","SF"
"952","Chandler Hutchison","PHO","Free Agent","SF"
"953","Emanuel Terry","PHO","Free Agent","PF"
"954","Daniel Diez","POR","Free Agent","SG"
"955","JaQuori McLaughlin","DAL","Free Agent","PG"
"956","Elijah Hughes","POR","Free Agent","SG"
"957","Justinian Jessup","GSW","Free Agent","SG"
"958","Isaiah Hicks","NYK","Free Agent","PF"
"959","Keifer Sykes","IND","Free Agent","SG"
"960","Jalen Harris","NYK","Free Agent","SG"
"961","Tahjere McCall","ATL","Free Agent","SG"
"962","Sergey Karasev","BKN","Free Agent","SG"
"963","Rodney Purvis","MIA","Free Agent","SG"
"964","Daryl Macon","MIA","Free Agent","SG"
"965","Petr Cornelie","DEN","Free Agent","PF"
"966","Will Magnay","NOP","Free Agent","PF"
"967","Nate Darling","LAC","Free Agent","SG"
"968","Jaylen Morris","SAS","Free Agent","SG"
"969","Dereon Seabron","NOP","Free Agent","SG"
"970","Mason Jones","LAL","Free Agent","SG"
"971","Ashton Hagans","MIN","Free Agent","PG"
"972","Myke Henry","OKC","Free Agent","SF"
"973","Trevon Bluiett","UTA","Free Agent","SG"
"974","Dusty Hannahs","MEM","Free Agent","SG"
"975","Archie Goodwin","POR","Free Agent","SG"
"976","Wayne Selden","CHI","Free Agent","SG"
"977","Zach Lofton","DET","Free Agent","SG"
"978","Didi Louzada","CLE","Free Agent","SG"
"979","Gabriele Procida","DET","Free Agent","SG"
"980","Vince Shamar Hunter","MEM","Free Agent","PF"
"981","CJ Elleby","MIN","Free Agent","SG"
"982","Jared Terrell","MIN","Free Agent","SG"
"983","Troy Caupain","POR","Free Agent","SG"
"984","Sean McDermott","MEM","Free Agent","SG"
"985","Miye Oni","ORL","Free Agent","SG"
"986","Deividas Sirvydis","IND","Free Agent","SF"
"987","Aaron Henry","PHL","Free Agent","SF"
"988","Axel Toupane","MIL","Free Agent","SG"
"989","Issuf Sanon","WAS","Free Agent","PG"
"990","Matt Mooney","NYK","Free Agent","SG"
"991","Nicolas Brussino","ATL","Free Agent","SG"
"992","Brian Bowen II","MIN","Free Agent","SG"
"993","Jamaree Bouyea","POR","Free Agent","PG"
"994","Kelan Martin","NOP","Free Agent","SG"
"995","Aaron Harrison","DAL","Free Agent","SG"
"996","Vanja Marinkovic","SAC","Free Agent","SG"
"997","Mychal Mulder","MEM","Free Agent","SG"
"998","Jordan Schakel","WAS","Free Agent","SF"
"999","RJ Nembhard Jr.","CLE","Free Agent","SG"
"1000","Malik Newman","CLE","Free Agent","SG"
"1001","Trevelin Queen","ORL","Free Agent","SG"
"1002","Marcus Eriksson","ATL","Free Agent","SG"
"1003","KZ Okpala","SAC","Free Agent","SF"
"1004","Jaylen Hoard","OKC","Free Agent","SF"
"1005","Dakota Mathias","MEM","Free Agent","SG"
"1006","Cameron Reynolds","HOU","Free Agent","SG"
"1007","David Michineau","LAC","Free Agent","SG"
"1008","Brodric Thomas","LAC","Free Agent","SG"
"1009","Isaia Cordinier","ATL","Free Agent","SG"
"1010","Karim Mane","ORL","Free Agent","SG"
"1011","Jamel Artis","LAC","Free Agent","SG"
